"ano_pesquisa","regiao","faixa_salarial","total_profissionais","pct_na_regiao"
"2023","Centro-oeste","de R$ 8.001/mês a R$ 12.000/mês","66","19.19"
"2023","Centro-oeste","de R$ 4.001/mês a R$ 6.000/mês","45","13.08"
"2023","Centro-oeste","Não informado","40","11.63"
"2023","Centro-oeste","de R$ 6.001/mês a R$ 8.000/mês","39","11.34"
"2023","Centro-oeste","de R$ 12.001/mês a R$ 16.000/mês","38","11.05"
"2023","Centro-oeste","de R$ 16.001/mês a R$ 20.000/mês","26","7.56"
"2023","Centro-oeste","de R$ 2.001/mês a R$ 3.000/mês","24","6.98"
"2023","Centro-oeste","de R$ 3.001/mês a R$ 4.000/mês","19","5.52"
"2023","Centro-oeste","de R$ 20.001/mês a R$ 25.000/mês","16","4.65"
"2023","Centro-oeste","de R$ 1.001/mês a R$ 2.000/mês","16","4.65"
"2023","Centro-oeste","de R$ 25.001/mês a R$ 30.000/mês","9","2.62"
"2023","Centro-oeste","de R$ 30.001/mês a R$ 40.000/mês","5","1.45"
"2023","Centro-oeste","Acima de R$ 40.001/mês","1","0.29"
"2023","Nordeste","Não informado","107","17.6"
"2023","Nordeste","de R$ 8.001/mês a R$ 12.000/mês","98","16.12"
"2023","Nordeste","de R$ 4.001/mês a R$ 6.000/mês","94","15.46"
"2023","Nordeste","de R$ 6.001/mês a R$ 8.000/mês","63","10.36"
"2023","Nordeste","de R$ 12.001/mês a R$ 16.000/mês","60","9.87"
"2023","Nordeste","de R$ 3.001/mês a R$ 4.000/mês","54","8.88"
"2023","Nordeste","de R$ 2.001/mês a R$ 3.000/mês","44","7.24"
"2023","Nordeste","de R$ 1.001/mês a R$ 2.000/mês","41","6.74"
"2023","Nordeste","de R$ 16.001/mês a R$ 20.000/mês","19","3.13"
"2023","Nordeste","de R$ 20.001/mês a R$ 25.000/mês","11","1.81"
"2023","Nordeste","Menos de R$ 1.000/mês","7","1.15"
"2023","Nordeste","de R$ 25.001/mês a R$ 30.000/mês","5","0.82"
"2023","Nordeste","Acima de R$ 40.001/mês","4","0.66"
"2023","Nordeste","de R$ 30.001/mês a R$ 40.000/mês","1","0.16"
"2023","Norte","de R$ 8.001/mês a R$ 12.000/mês","17","20.48"
"2023","Norte","de R$ 6.001/mês a R$ 8.000/mês","14","16.87"
"2023","Norte","Não informado","14","16.87"
"2023","Norte","de R$ 4.001/mês a R$ 6.000/mês","12","14.46"
"2023","Norte","de R$ 3.001/mês a R$ 4.000/mês","7","8.43"
"2023","Norte","de R$ 1.001/mês a R$ 2.000/mês","5","6.02"
"2023","Norte","de R$ 2.001/mês a R$ 3.000/mês","4","4.82"
"2023","Norte","de R$ 12.001/mês a R$ 16.000/mês","3","3.61"
"2023","Norte","Menos de R$ 1.000/mês","2","2.41"
"2023","Norte","de R$ 25.001/mês a R$ 30.000/mês","2","2.41"
"2023","Norte","de R$ 30.001/mês a R$ 40.000/mês","1","1.2"
"2023","Norte","de R$ 20.001/mês a R$ 25.000/mês","1","1.2"
"2023","Norte","de R$ 16.001/mês a R$ 20.000/mês","1","1.2"
"2023","Não informado","Não informado","21","16.94"
"2023","Não informado","de R$ 8.001/mês a R$ 12.000/mês","15","12.1"
"2023","Não informado","de R$ 12.001/mês a R$ 16.000/mês","13","10.48"
"2023","Não informado","de R$ 16.001/mês a R$ 20.000/mês","13","10.48"
"2023","Não informado","de R$ 25.001/mês a R$ 30.000/mês","11","8.87"
"2023","Não informado","de R$ 30.001/mês a R$ 40.000/mês","11","8.87"
"2023","Não informado","Acima de R$ 40.001/mês","10","8.06"
"2023","Não informado","de R$ 20.001/mês a R$ 25.000/mês","8","6.45"
"2023","Não informado","de R$ 6.001/mês a R$ 8.000/mês","8","6.45"
"2023","Não informado","de R$ 4.001/mês a R$ 6.000/mês","5","4.03"
"2023","Não informado","Menos de R$ 1.000/mês","3","2.42"
"2023","Não informado","de R$ 1.001/mês a R$ 2.000/mês","3","2.42"
"2023","Não informado","de R$ 3.001/mês a R$ 4.000/mês","3","2.42"
"2023","Sudeste","de R$ 8.001/mês a R$ 12.000/mês","636","20.04"
"2023","Sudeste","de R$ 12.001/mês a R$ 16.000/mês","423","13.33"
"2023","Sudeste","de R$ 4.001/mês a R$ 6.000/mês","414","13.05"
"2023","Sudeste","de R$ 6.001/mês a R$ 8.000/mês","390","12.29"
"2023","Sudeste","Não informado","283","8.92"
"2023","Sudeste","de R$ 16.001/mês a R$ 20.000/mês","222","7.0"
"2023","Sudeste","de R$ 3.001/mês a R$ 4.000/mês","189","5.96"
"2023","Sudeste","de R$ 2.001/mês a R$ 3.000/mês","164","5.17"
"2023","Sudeste","de R$ 20.001/mês a R$ 25.000/mês","129","4.07"
"2023","Sudeste","de R$ 1.001/mês a R$ 2.000/mês","119","3.75"
"2023","Sudeste","de R$ 25.001/mês a R$ 30.000/mês","85","2.68"
"2023","Sudeste","de R$ 30.001/mês a R$ 40.000/mês","60","1.89"
"2023","Sudeste","Acima de R$ 40.001/mês","46","1.45"
"2023","Sudeste","Menos de R$ 1.000/mês","12","0.38"
"2023","Sudeste","de R$ 101/mês a R$ 2.000/mês","1","0.03"
"2023","Sul","de R$ 8.001/mês a R$ 12.000/mês","194","20.19"
"2023","Sul","de R$ 4.001/mês a R$ 6.000/mês","175","18.21"
"2023","Sul","de R$ 6.001/mês a R$ 8.000/mês","123","12.8"
"2023","Sul","de R$ 12.001/mês a R$ 16.000/mês","113","11.76"
"2023","Sul","de R$ 3.001/mês a R$ 4.000/mês","80","8.32"
"2023","Sul","Não informado","75","7.8"
"2023","Sul","de R$ 2.001/mês a R$ 3.000/mês","52","5.41"
"2023","Sul","de R$ 16.001/mês a R$ 20.000/mês","47","4.89"
"2023","Sul","de R$ 1.001/mês a R$ 2.000/mês","31","3.23"
"2023","Sul","de R$ 20.001/mês a R$ 25.000/mês","30","3.12"
"2023","Sul","de R$ 25.001/mês a R$ 30.000/mês","16","1.66"
"2023","Sul","Acima de R$ 40.001/mês","11","1.14"
"2023","Sul","de R$ 30.001/mês a R$ 40.000/mês","8","0.83"
"2023","Sul","Menos de R$ 1.000/mês","6","0.62"
"2024","Centro-oeste","de R$ 6.001/mês a R$ 8.000/mês","49","14.76"
"2024","Centro-oeste","de R$ 4.001/mês a R$ 6.000/mês","49","14.76"
"2024","Centro-oeste","de R$ 8.001/mês a R$ 12.000/mês","46","13.86"
"2024","Centro-oeste","de R$ 12.001/mês a R$ 16.000/mês","38","11.45"
"2024","Centro-oeste","Não informado","32","9.64"
"2024","Centro-oeste","de R$ 16.001/mês a R$ 20.000/mês","23","6.93"
"2024","Centro-oeste","de R$ 2.001/mês a R$ 3.000/mês","22","6.63"
"2024","Centro-oeste","de R$ 1.001/mês a R$ 2.000/mês","17","5.12"
"2024","Centro-oeste","de R$ 3.001/mês a R$ 4.000/mês","17","5.12"
"2024","Centro-oeste","de R$ 20.001/mês a R$ 25.000/mês","14","4.22"
"2024","Centro-oeste","de R$ 30.001/mês a R$ 40.000/mês","10","3.01"
"2024","Centro-oeste","de R$ 25.001/mês a R$ 30.000/mês","9","2.71"
"2024","Centro-oeste","Menos de R$ 1.000/mês","6","1.81"
"2024","Nordeste","de R$ 8.001/mês a R$ 12.000/mês","88","17.05"
"2024","Nordeste","Não informado","69","13.37"
"2024","Nordeste","de R$ 4.001/mês a R$ 6.000/mês","68","13.18"
"2024","Nordeste","de R$ 6.001/mês a R$ 8.000/mês","66","12.79"
"2024","Nordeste","de R$ 12.001/mês a R$ 16.000/mês","59","11.43"
"2024","Nordeste","de R$ 1.001/mês a R$ 2.000/mês","35","6.78"
"2024","Nordeste","de R$ 16.001/mês a R$ 20.000/mês","32","6.2"
"2024","Nordeste","de R$ 2.001/mês a R$ 3.000/mês","31","6.01"
"2024","Nordeste","de R$ 3.001/mês a R$ 4.000/mês","26","5.04"
"2024","Nordeste","Menos de R$ 1.000/mês","10","1.94"
"2024","Nordeste","de R$ 25.001/mês a R$ 30.000/mês","9","1.74"
"2024","Nordeste","Acima de R$ 40.001/mês","8","1.55"
"2024","Nordeste","de R$ 30.001/mês a R$ 40.000/mês","8","1.55"
"2024","Nordeste","de R$ 20.001/mês a R$ 25.000/mês","7","1.36"
"2024","Norte","de R$ 8.001/mês a R$ 12.000/mês","14","21.88"
"2024","Norte","de R$ 2.001/mês a R$ 3.000/mês","7","10.94"
"2024","Norte","de R$ 3.001/mês a R$ 4.000/mês","7","10.94"
"2024","Norte","Não informado","7","10.94"
"2024","Norte","de R$ 6.001/mês a R$ 8.000/mês","6","9.38"
"2024","Norte","de R$ 12.001/mês a R$ 16.000/mês","6","9.38"
"2024","Norte","de R$ 4.001/mês a R$ 6.000/mês","5","7.81"
"2024","Norte","de R$ 1.001/mês a R$ 2.000/mês","4","6.25"
"2024","Norte","de R$ 16.001/mês a R$ 20.000/mês","4","6.25"
"2024","Norte","de R$ 20.001/mês a R$ 25.000/mês","1","1.56"
"2024","Norte","Menos de R$ 1.000/mês","1","1.56"
"2024","Norte","de R$ 30.001/mês a R$ 40.000/mês","1","1.56"
"2024","Norte","de R$ 25.001/mês a R$ 30.000/mês","1","1.56"
"2024","Não informado","de R$ 20.001/mês a R$ 25.000/mês","22","15.49"
"2024","Não informado","de R$ 16.001/mês a R$ 20.000/mês","17","11.97"
"2024","Não informado","de R$ 30.001/mês a R$ 40.000/mês","17","11.97"
"2024","Não informado","Acima de R$ 40.001/mês","16","11.27"
"2024","Não informado","de R$ 8.001/mês a R$ 12.000/mês","15","10.56"
"2024","Não informado","de R$ 25.001/mês a R$ 30.000/mês","14","9.86"
"2024","Não informado","de R$ 6.001/mês a R$ 8.000/mês","12","8.45"
"2024","Não informado","Não informado","12","8.45"
"2024","Não informado","de R$ 12.001/mês a R$ 16.000/mês","9","6.34"
"2024","Não informado","de R$ 4.001/mês a R$ 6.000/mês","3","2.11"
"2024","Não informado","de R$ 2.001/mês a R$ 3.000/mês","2","1.41"
"2024","Não informado","de R$ 3.001/mês a R$ 4.000/mês","2","1.41"
"2024","Não informado","Menos de R$ 1.000/mês","1","0.7"
"2024","Sudeste","de R$ 8.001/mês a R$ 12.000/mês","685","21.88"
"2024","Sudeste","de R$ 12.001/mês a R$ 16.000/mês","458","14.63"
"2024","Sudeste","de R$ 6.001/mês a R$ 8.000/mês","373","11.91"
"2024","Sudeste","de R$ 4.001/mês a R$ 6.000/mês","317","10.12"
"2024","Sudeste","de R$ 16.001/mês a R$ 20.000/mês","302","9.65"
"2024","Sudeste","Não informado","192","6.13"
"2024","Sudeste","de R$ 20.001/mês a R$ 25.000/mês","166","5.3"
"2024","Sudeste","de R$ 3.001/mês a R$ 4.000/mês","145","4.63"
"2024","Sudeste","de R$ 2.001/mês a R$ 3.000/mês","119","3.8"
"2024","Sudeste","de R$ 25.001/mês a R$ 30.000/mês","111","3.55"
"2024","Sudeste","de R$ 30.001/mês a R$ 40.000/mês","106","3.39"
"2024","Sudeste","de R$ 1.001/mês a R$ 2.000/mês","80","2.56"
"2024","Sudeste","Acima de R$ 40.001/mês","67","2.14"
"2024","Sudeste","Menos de R$ 1.000/mês","10","0.32"
"2024","Sul","de R$ 8.001/mês a R$ 12.000/mês","232","22.52"
"2024","Sul","de R$ 6.001/mês a R$ 8.000/mês","150","14.56"
"2024","Sul","de R$ 4.001/mês a R$ 6.000/mês","150","14.56"
"2024","Sul","de R$ 12.001/mês a R$ 16.000/mês","146","14.17"
"2024","Sul","de R$ 16.001/mês a R$ 20.000/mês","78","7.57"
"2024","Sul","de R$ 3.001/mês a R$ 4.000/mês","73","7.09"
"2024","Sul","de R$ 2.001/mês a R$ 3.000/mês","56","5.44"
"2024","Sul","Não informado","42","4.08"
"2024","Sul","de R$ 20.001/mês a R$ 25.000/mês","36","3.5"
"2024","Sul","de R$ 1.001/mês a R$ 2.000/mês","19","1.84"
"2024","Sul","de R$ 25.001/mês a R$ 30.000/mês","15","1.46"
"2024","Sul","de R$ 30.001/mês a R$ 40.000/mês","15","1.46"
"2024","Sul","Acima de R$ 40.001/mês","13","1.26"
"2024","Sul","Menos de R$ 1.000/mês","5","0.49"
"2025","Centro-oeste","de R$ 8.001/mês a R$ 12.000/mês","53","22.94"
"2025","Centro-oeste","de R$ 4.001/mês a R$ 6.000/mês","30","12.99"
"2025","Centro-oeste","de R$ 12.001/mês a R$ 16.000/mês","25","10.82"
"2025","Centro-oeste","de R$ 6.001/mês a R$ 8.000/mês","22","9.52"
"2025","Centro-oeste","de R$ 20.001/mês a R$ 25.000/mês","19","8.23"
"2025","Centro-oeste","de R$ 16.001/mês a R$ 20.000/mês","16","6.93"
"2025","Centro-oeste","de R$ 3.001/mês a R$ 4.000/mês","14","6.06"
"2025","Centro-oeste","Não informado","10","4.33"
"2025","Centro-oeste","de R$ 25.001/mês a R$ 30.000/mês","10","4.33"
"2025","Centro-oeste","Acima de R$ 40.001/mês","9","3.9"
"2025","Centro-oeste","de R$ 1.001/mês a R$ 2.000/mês","8","3.46"
"2025","Centro-oeste","de R$ 2.001/mês a R$ 3.000/mês","8","3.46"
"2025","Centro-oeste","de R$ 30.001/mês a R$ 40.000/mês","5","2.16"
"2025","Centro-oeste","Menos de R$ 1.000/mês","2","0.87"
"2025","Nordeste","de R$ 8.001/mês a R$ 12.000/mês","75","19.74"
"2025","Nordeste","de R$ 12.001/mês a R$ 16.000/mês","52","13.68"
"2025","Nordeste","Não informado","51","13.42"
"2025","Nordeste","de R$ 6.001/mês a R$ 8.000/mês","43","11.32"
"2025","Nordeste","de R$ 4.001/mês a R$ 6.000/mês","40","10.53"
"2025","Nordeste","de R$ 16.001/mês a R$ 20.000/mês","24","6.32"
"2025","Nordeste","de R$ 1.001/mês a R$ 2.000/mês","23","6.05"
"2025","Nordeste","de R$ 2.001/mês a R$ 3.000/mês","22","5.79"
"2025","Nordeste","de R$ 3.001/mês a R$ 4.000/mês","19","5.0"
"2025","Nordeste","de R$ 20.001/mês a R$ 25.000/mês","14","3.68"
"2025","Nordeste","Acima de R$ 40.001/mês","7","1.84"
"2025","Nordeste","de R$ 25.001/mês a R$ 30.000/mês","6","1.58"
"2025","Nordeste","Menos de R$ 1.000/mês","3","0.79"
"2025","Nordeste","de R$ 30.001/mês a R$ 40.000/mês","1","0.26"
"2025","Norte","Não informado","12","25.0"
"2025","Norte","de R$ 12.001/mês a R$ 16.000/mês","5","10.42"
"2025","Norte","de R$ 16.001/mês a R$ 20.000/mês","5","10.42"
"2025","Norte","de R$ 8.001/mês a R$ 12.000/mês","4","8.33"
"2025","Norte","de R$ 6.001/mês a R$ 8.000/mês","4","8.33"
"2025","Norte","de R$ 3.001/mês a R$ 4.000/mês","3","6.25"
"2025","Norte","Menos de R$ 1.000/mês","3","6.25"
"2025","Norte","de R$ 2.001/mês a R$ 3.000/mês","3","6.25"
"2025","Norte","de R$ 4.001/mês a R$ 6.000/mês","2","4.17"
"2025","Norte","de R$ 20.001/mês a R$ 25.000/mês","2","4.17"
"2025","Norte","Acima de R$ 40.001/mês","2","4.17"
"2025","Norte","de R$ 25.001/mês a R$ 30.000/mês","1","2.08"
"2025","Norte","de R$ 1.001/mês a R$ 2.000/mês","1","2.08"
"2025","Norte","de R$ 30.001/mês a R$ 40.000/mês","1","2.08"
"2025","Não informado","de R$ 12.001/mês a R$ 16.000/mês","19","15.2"
"2025","Não informado","Acima de R$ 40.001/mês","19","15.2"
"2025","Não informado","Não informado","18","14.4"
"2025","Não informado","de R$ 30.001/mês a R$ 40.000/mês","13","10.4"
"2025","Não informado","de R$ 8.001/mês a R$ 12.000/mês","12","9.6"
"2025","Não informado","de R$ 16.001/mês a R$ 20.000/mês","12","9.6"
"2025","Não informado","de R$ 25.001/mês a R$ 30.000/mês","7","5.6"
"2025","Não informado","de R$ 20.001/mês a R$ 25.000/mês","7","5.6"
"2025","Não informado","de R$ 6.001/mês a R$ 8.000/mês","7","5.6"
"2025","Não informado","de R$ 4.001/mês a R$ 6.000/mês","5","4.0"
"2025","Não informado","Menos de R$ 1.000/mês","3","2.4"
"2025","Não informado","de R$ 1.001/mês a R$ 2.000/mês","2","1.6"
"2025","Não informado","de R$ 2.001/mês a R$ 3.000/mês","1","0.8"
"2025","Sudeste","de R$ 8.001/mês a R$ 12.000/mês","455","20.97"
"2025","Sudeste","de R$ 12.001/mês a R$ 16.000/mês","299","13.78"
"2025","Sudeste","de R$ 16.001/mês a R$ 20.000/mês","221","10.18"
"2025","Sudeste","de R$ 6.001/mês a R$ 8.000/mês","217","10.0"
"2025","Sudeste","de R$ 4.001/mês a R$ 6.000/mês","209","9.63"
"2025","Sudeste","de R$ 20.001/mês a R$ 25.000/mês","146","6.73"
"2025","Sudeste","Não informado","146","6.73"
"2025","Sudeste","de R$ 25.001/mês a R$ 30.000/mês","95","4.38"
"2025","Sudeste","de R$ 3.001/mês a R$ 4.000/mês","87","4.01"
"2025","Sudeste","de R$ 2.001/mês a R$ 3.000/mês","81","3.73"
"2025","Sudeste","de R$ 30.001/mês a R$ 40.000/mês","79","3.64"
"2025","Sudeste","de R$ 1.001/mês a R$ 2.000/mês","63","2.9"
"2025","Sudeste","Acima de R$ 40.001/mês","63","2.9"
"2025","Sudeste","Menos de R$ 1.000/mês","8","0.37"
"2025","Sudeste","de R$ 25.001/mês a R$ 3000/mês","1","0.05"
"2025","Sul","de R$ 8.001/mês a R$ 12.000/mês","108","20.0"
"2025","Sul","de R$ 12.001/mês a R$ 16.000/mês","84","15.56"
"2025","Sul","de R$ 6.001/mês a R$ 8.000/mês","74","13.7"
"2025","Sul","de R$ 4.001/mês a R$ 6.000/mês","58","10.74"
"2025","Sul","de R$ 16.001/mês a R$ 20.000/mês","45","8.33"
"2025","Sul","de R$ 3.001/mês a R$ 4.000/mês","34","6.3"
"2025","Sul","Não informado","30","5.56"
"2025","Sul","de R$ 20.001/mês a R$ 25.000/mês","25","4.63"
"2025","Sul","de R$ 1.001/mês a R$ 2.000/mês","20","3.7"
"2025","Sul","de R$ 2.001/mês a R$ 3.000/mês","15","2.78"
"2025","Sul","Acima de R$ 40.001/mês","15","2.78"
"2025","Sul","de R$ 25.001/mês a R$ 30.000/mês","15","2.78"
"2025","Sul","de R$ 30.001/mês a R$ 40.000/mês","15","2.78"
"2025","Sul","Menos de R$ 1.000/mês","2","0.37"
