"ano_pesquisa","cargo","senioridade","total_profissionais","pct_do_ano"
"2023","Não informado","Não informado","1436","27.13"
"2023","Analista de Dados/Data Analyst","Pleno","360","6.8"
"2023","Engenheiro de Dados/Arquiteto de Dados/Data Engineer/Data Architect","Sênior","325","6.14"
"2023","Analista de Dados/Data Analyst","Júnior","277","5.23"
"2023","Cientista de Dados/Data Scientist","Sênior","272","5.14"
"2023","Analista de Dados/Data Analyst","Sênior","270","5.1"
"2023","Cientista de Dados/Data Scientist","Pleno","250","4.72"
"2023","Engenheiro de Dados/Arquiteto de Dados/Data Engineer/Data Architect","Pleno","234","4.42"
"2023","Analista de BI/BI Analyst","Pleno","200","3.78"
"2023","Analista de BI/BI Analyst","Júnior","176","3.33"
"2023","Cientista de Dados/Data Scientist","Júnior","165","3.12"
"2023","Analista de BI/BI Analyst","Sênior","130","2.46"
"2023","Engenheiro de Dados/Arquiteto de Dados/Data Engineer/Data Architect","Júnior","125","2.36"
"2023","Outra Opção","Júnior","122","2.3"
"2023","Analista de Negócios/Business Analyst","Sênior","83","1.57"
"2023","Outra Opção","Pleno","73","1.38"
"2023","Analytics Engineer","Sênior","69","1.3"
"2023","Analista de Negócios/Business Analyst","Pleno","69","1.3"
"2023","Outra Opção","Sênior","67","1.27"
"2023","Data Product Manager/ Product Manager (PM/APM/DPM/GPM/PO)","Sênior","55","1.04"
"2023","Analytics Engineer","Pleno","52","0.98"
"2023","Desenvolvedor/ Engenheiro de Software/ Analista de Sistemas","Sênior","51","0.96"
"2023","Analista de Negócios/Business Analyst","Júnior","43","0.81"
"2023","Analista de Suporte/Analista Técnico","Pleno","31","0.59"
"2023","Engenheiro de Machine Learning/ML Engineer/AI Engineer","Pleno","30","0.57"
"2023","Engenheiro de Machine Learning/ML Engineer/AI Engineer","Sênior","29","0.55"
"2023","Desenvolvedor/ Engenheiro de Software/ Analista de Sistemas","Júnior","28","0.53"
"2023","Analista de Suporte/Analista Técnico","Júnior","26","0.49"
"2023","Desenvolvedor/ Engenheiro de Software/ Analista de Sistemas","Pleno","26","0.49"
"2023","Data Product Manager/ Product Manager (PM/APM/DPM/GPM/PO)","Pleno","18","0.34"
"2023","Analytics Engineer","Júnior","18","0.34"
"2023","Engenheiro de Machine Learning/ML Engineer/AI Engineer","Júnior","16","0.3"
"2023","Analista de Inteligência de Mercado/Market Intelligence","Júnior","16","0.3"
"2023","Analista de Suporte/Analista Técnico","Sênior","15","0.28"
"2023","Analista de Inteligência de Mercado/Market Intelligence","Pleno","15","0.28"
"2023","Professor/Pesquisador","Sênior","13","0.25"
"2023","DBA/Administrador de Banco de Dados","Sênior","13","0.25"
"2023","Outras Engenharias (não inclui dev)","Sênior","12","0.23"
"2023","Outras Engenharias (não inclui dev)","Júnior","10","0.19"
"2023","Professor/Pesquisador","Pleno","9","0.17"
"2023","Estatístico","Pleno","9","0.17"
"2023","Outras Engenharias (não inclui dev)","Pleno","9","0.17"
"2023","Analista de Inteligência de Mercado/Market Intelligence","Sênior","8","0.15"
"2023","Data Product Manager/ Product Manager (PM/APM/DPM/GPM/PO)","Júnior","8","0.15"
"2023","Estatístico","Júnior","7","0.13"
"2023","Professor/Pesquisador","Júnior","6","0.11"
"2023","Estatístico","Sênior","5","0.09"
"2023","DBA/Administrador de Banco de Dados","Pleno","5","0.09"
"2023","Economista","Sênior","2","0.04"
"2023","Economista","Pleno","2","0.04"
"2023","DBA/Administrador de Banco de Dados","Júnior","2","0.04"
"2023","Economista","Júnior","1","0.02"
"2024","Não informado","Não informado","1399","26.83"
"2024","Analista de Dados/Data Analyst","Pleno","391","7.5"
"2024","Cientista de Dados/Data Scientist","Sênior","339","6.5"
"2024","Analista de Dados/Data Analyst","Sênior","322","6.17"
"2024","Engenheiro de Dados/Data Engineer/Data Architect","Sênior","309","5.93"
"2024","Analista de Dados/Data Analyst","Júnior","244","4.68"
"2024","Cientista de Dados/Data Scientist","Pleno","230","4.41"
"2024","Engenheiro de Dados/Data Engineer/Data Architect","Pleno","211","4.05"
"2024","Analista de BI/BI Analyst","Pleno","168","3.22"
"2024","Outra Opção","Júnior","135","2.59"
"2024","Analista de BI/BI Analyst","Júnior","126","2.42"
"2024","Cientista de Dados/Data Scientist","Júnior","118","2.26"
"2024","Analytics Engineer","Sênior","115","2.21"
"2024","Analista de BI/BI Analyst","Sênior","102","1.96"
"2024","Engenheiro de Dados/Data Engineer/Data Architect","Júnior","92","1.76"
"2024","Analytics Engineer","Pleno","83","1.59"
"2024","Analista de Negócios/Business Analyst","Sênior","83","1.59"
"2024","Analista de Negócios/Business Analyst","Pleno","66","1.27"
"2024","Data Product Manager/ Product Manager (PM/APM/DPM/GPM/PO)","Sênior","61","1.17"
"2024","Outra Opção","Sênior","60","1.15"
"2024","Outra Opção","Pleno","59","1.13"
"2024","Engenheiro de Machine Learning/ML Engineer/AI Engineer","Sênior","58","1.11"
"2024","Desenvolvedor/ Engenheiro de Software/ Analista de Sistemas","Pleno","49","0.94"
"2024","Desenvolvedor/ Engenheiro de Software/ Analista de Sistemas","Sênior","44","0.84"
"2024","Arquiteto de Dados/Data Architect","Sênior","37","0.71"
"2024","Engenheiro de Machine Learning/ML Engineer/AI Engineer","Pleno","36","0.69"
"2024","Analista de Negócios/Business Analyst","Júnior","35","0.67"
"2024","Analytics Engineer","Júnior","30","0.58"
"2024","Analista de Suporte/Analista Técnico","Pleno","30","0.58"
"2024","Desenvolvedor/ Engenheiro de Software/ Analista de Sistemas","Júnior","29","0.56"
"2024","Analista de Suporte/Analista Técnico","Júnior","29","0.56"
"2024","Analista de Suporte/Analista Técnico","Sênior","19","0.36"
"2024","Data Product Manager/ Product Manager (PM/APM/DPM/GPM/PO)","Pleno","15","0.29"
"2024","Outras Engenharias (não inclui dev)","Pleno","14","0.27"
"2024","Arquiteto de Dados/Data Architect","Pleno","10","0.19"
"2024","Professor/Pesquisador","Sênior","9","0.17"
"2024","Outras Engenharias (não inclui dev)","Sênior","9","0.17"
"2024","Engenheiro de Machine Learning/ML Engineer/AI Engineer","Júnior","9","0.17"
"2024","Estatístico","Pleno","7","0.13"
"2024","Professor/Pesquisador","Pleno","7","0.13"
"2024","Outras Engenharias (não inclui dev)","Júnior","6","0.12"
"2024","Professor/Pesquisador","Júnior","5","0.1"
"2024","Estatístico","Sênior","5","0.1"
"2024","Estatístico","Júnior","5","0.1"
"2024","Data Product Manager/ Product Manager (PM/APM/DPM/GPM/PO)","Júnior","4","0.08"
"2024","Arquiteto de Dados/Data Architect","Júnior","1","0.02"
"2025","Não informado","Não informado","994","28.45"
"2025","Analista de Dados/Data Analyst","Pleno","211","6.04"
"2025","Analista de Dados/Data Analyst","Sênior","184","5.27"
"2025","Engenheiro de Dados/Data Engineer/Data Architect","Sênior","182","5.21"
"2025","Cientista de Dados/Data Scientist","Sênior","147","4.21"
"2025","Analista de Dados/Data Analyst","Júnior","145","4.15"
"2025","Cientista de Dados/Data Scientist","Pleno","139","3.98"
"2025","Engenheiro de Dados/Data Engineer/Data Architect","Pleno","109","3.12"
"2025","Outra Opção","Júnior","90","2.58"
"2025","Analista de BI/BI Analyst","Pleno","82","2.35"
"2025","Cientista de Dados/Data Scientist","Especialista/Staff+","72","2.06"
"2025","Cientista de Dados/Data Scientist","Júnior","65","1.86"
"2025","Engenheiro de Dados/Data Engineer/Data Architect","Especialista/Staff+","62","1.77"
"2025","Analista de Dados/Data Analyst","Especialista/Staff+","59","1.69"
"2025","Analytics Engineer","Sênior","59","1.69"
"2025","Analista de BI/BI Analyst","Sênior","59","1.69"
"2025","Analista de BI/BI Analyst","Júnior","57","1.63"
"2025","Outra Opção","Pleno","55","1.57"
"2025","Analista de Negócios/Business Analyst","Pleno","53","1.52"
"2025","Engenheiro de Dados/Data Engineer/Data Architect","Júnior","49","1.4"
"2025","Analista de Negócios/Business Analyst","Sênior","48","1.37"
"2025","Engenheiro de Machine Learning/ML Engineer/AI Engineer","Sênior","42","1.2"
"2025","Desenvolvedor/ Engenheiro de Software/ Analista de Sistemas","Sênior","41","1.17"
"2025","Analytics Engineer","Pleno","41","1.17"
"2025","Outra Opção","Sênior","39","1.12"
"2025","Engenheiro de Machine Learning/ML Engineer/AI Engineer","Especialista/Staff+","27","0.77"
"2025","Desenvolvedor/ Engenheiro de Software/ Analista de Sistemas","Pleno","27","0.77"
"2025","Analytics Engineer","Especialista/Staff+","24","0.69"
"2025","Desenvolvedor/ Engenheiro de Software/ Analista de Sistemas","Júnior","24","0.69"
"2025","Analista de Negócios/Business Analyst","Júnior","22","0.63"
"2025","Outra Opção","Especialista/Staff+","22","0.63"
"2025","Engenheiro de Machine Learning/ML Engineer/AI Engineer","Júnior","21","0.6"
"2025","Analista de Suporte/Analista Técnico","Pleno","20","0.57"
"2025","Analista de Suporte/Analista Técnico","Júnior","20","0.57"
"2025","Data Product Manager/ Product Manager (PM/APM/DPM/GPM/PO)","Sênior","19","0.54"
"2025","Analista de Negócios/Business Analyst","Especialista/Staff+","18","0.52"
"2025","Analista de BI/BI Analyst","Especialista/Staff+","17","0.49"
"2025","Engenheiro de Machine Learning/ML Engineer/AI Engineer","Pleno","16","0.46"
"2025","Analista de Suporte/Analista Técnico","Sênior","15","0.43"
"2025","Desenvolvedor/ Engenheiro de Software/ Analista de Sistemas","Especialista/Staff+","14","0.4"
"2025","Arquiteto de Dados/Data Architect","Especialista/Staff+","13","0.37"
"2025","Analytics Engineer","Júnior","11","0.31"
"2025","Arquiteto de Dados/Data Architect","Sênior","10","0.29"
"2025","Data Product Manager/ Product Manager (PM/APM/DPM/GPM/PO)","Especialista/Staff+","10","0.29"
"2025","Outras Engenharias (não inclui dev)","Pleno","8","0.23"
"2025","Outras Engenharias (não inclui dev)","Especialista/Staff+","7","0.2"
"2025","Outras Engenharias (não inclui dev)","Sênior","6","0.17"
"2025","Professor/Pesquisador","Sênior","6","0.17"
"2025","Outras Engenharias (não inclui dev)","Júnior","5","0.14"
"2025","Professor/Pesquisador","Pleno","4","0.11"
"2025","Data Product Manager/ Product Manager (PM/APM/DPM/GPM/PO)","Pleno","4","0.11"
"2025","Estatístico","Júnior","4","0.11"
"2025","Professor/Pesquisador","Júnior","3","0.09"
"2025","Estatístico","Pleno","3","0.09"
"2025","Professor/Pesquisador","Especialista/Staff+","3","0.09"
"2025","Arquiteto de Dados/Data Architect","Pleno","3","0.09"
"2025","Arquiteto de Dados/Data Architect","Júnior","2","0.06"
"2025","Estatístico","Sênior","1","0.03"
"2025","Estatístico","Especialista/Staff+","1","0.03"
